<?xml version="1.0" encoding="UTF-8"?>
<api context="/visits" name="VisitCounter" xmlns="http://ws.apache.org/ns/synapse">
    <resource methods="GET" uri-template="/count">
        <inSequence>
            <property action="remove" name="REST_URL_POSTFIX" scope="axis2"/>
            <log level="custom">
                <property name="FRONT" value="=========FRONT API INSEQUNCE==============="/>
            </log>
            <call>
                <endpoint name="TockenEndPoint">
                    <http method="get" uri-template="http://node-app:8082/"/>
                </endpoint>
            </call>
            <respond/>
        </inSequence>
        <outSequence/>
        <faultSequence/>
    </resource>
</api>
